PassengerId,Survived,Pclass,Name,Sex,Age,SibSp,Parch,Ticket,Fare,Cabin,Embarked
1,1,2,"Passenger, Mock Name 1",female,31.7,1,0,395625,28.5164,,S
2,1,3,"Passenger, Mock Name 2",female,26.9,0,0,PC 68031,10.5514,,Q
3,0,3,"Passenger, Mock Name 3",male,16.7,0,0,969559,12.2902,,S
4,0,3,"Passenger, Mock Name 4",female,9.2,0,0,692520,9.4552,,S
5,0,1,"Passenger, Mock Name 5",male,4.6,0,0,PC 33457,317.4722,C134,S
6,0,1,"Passenger, Mock Name 6",male,30.7,1,0,916392,41.8993,C80,S
7,1,1,"Passenger, Mock Name 7",female,7.6,0,0,230066,69.5212,C73,Q
8,0,3,"Passenger, Mock Name 8",male,13.1,0,1,739601,7.2618,,S
9,1,3,"Passenger, Mock Name 9",male,,0,2,PC 30092,9.5075,,S
10,0,3,"Passenger, Mock Name 10",male,0.4,8,0,682393,22.1627,,S
11,0,1,"Passenger, Mock Name 11",male,39.9,0,0,PC 38555,49.0922,C126,S
12,0,3,"Passenger, Mock Name 12",male,0.4,2,0,PC 87257,7.8345,,C
13,1,3,"Passenger, Mock Name 13",male,27.9,0,0,584003,13.4332,,S
14,1,1,"Passenger, Mock Name 14",male,29.2,0,1,752356,30.8516,C38,S
15,1,1,"Passenger, Mock Name 15",female,36.5,0,0,PC 93707,37.5289,,S
16,1,1,"Passenger, Mock Name 16",female,28.4,0,0,PC 90738,170.1066,C80,S
17,1,2,"Passenger, Mock Name 17",male,57.3,0,1,PC 83601,39.522,,C
18,1,3,"Passenger, Mock Name 18",male,32.0,0,1,171468,31.6674,,S
19,0,2,"Passenger, Mock Name 19",male,43.8,2,0,PC 18328,48.5537,,S
20,0,2,"Passenger, Mock Name 20",male,18.9,1,0,PC 56638,32.9881,,S
21,0,3,"Passenger, Mock Name 21",male,,1,0,213920,7.5375,,S
22,0,1,"Passenger, Mock Name 22",male,50.7,0,0,796101,159.8086,C64,S
23,0,2,"Passenger, Mock Name 23",male,25.7,0,2,PC 17887,47.3526,,S
24,0,2,"Passenger, Mock Name 24",male,31.7,0,1,124918,42.0972,,S
25,0,3,"Passenger, Mock Name 25",male,,1,1,816369,14.1025,,S
26,1,3,"Passenger, Mock Name 26",male,18.6,2,0,PC 71762,9.6514,,S
27,1,1,"Passenger, Mock Name 27",female,0.4,0,1,478710,188.6492,C127,Q
28,1,3,"Passenger, Mock Name 28",female,,0,0,309496,19.9888,,S
29,0,3,"Passenger, Mock Name 29",male,42.8,0,0,PC 44283,46.5082,,S
30,0,1,"Passenger, Mock Name 30",female,10.1,0,0,840147,44.3853,,S
31,0,3,"Passenger, Mock Name 31",male,38.4,0,0,858141,9.5575,,S
32,1,1,"Passenger, Mock Name 32",female,38.5,0,0,454824,50.2301,C132,S
33,1,1,"Passenger, Mock Name 33",female,,1,0,355069,163.6893,C122,C
34,0,3,"Passenger, Mock Name 34",male,15.9,0,0,783444,9.0691,,S
35,0,3,"Passenger, Mock Name 35",male,,0,0,191627,7.6899,,S
36,0,3,"Passenger, Mock Name 36",male,26.5,8,0,PC 68726,72.4367,,S
37,0,2,"Passenger, Mock Name 37",male,18.6,0,0,613277,10.5026,,S
38,0,1,"Passenger, Mock Name 38",male,17.8,0,0,PC 33949,183.2797,C102,S
39,0,3,"Passenger, Mock Name 39",male,,0,1,675657,11.5471,,S
40,1,2,"Passenger, Mock Name 40",male,27.5,0,0,PC 93203,46.8546,,S
41,1,1,"Passenger, Mock Name 41",female,19.3,0,0,PC 67802,98.7504,,S
42,0,3,"Passenger, Mock Name 42",female,28.4,1,0,311284,30.1903,,S
43,0,1,"Passenger, Mock Name 43",male,36.5,0,1,PC 70010,251.5356,,S
44,0,3,"Passenger, Mock Name 44",male,29.7,0,0,804172,7.0914,,S
45,1,2,"Passenger, Mock Name 45",male,26.1,0,0,335892,11.5681,,S
46,0,3,"Passenger, Mock Name 46",male,19.9,0,0,PC 71807,9.8816,,S
47,0,2,"Passenger, Mock Name 47",female,19.7,1,0,PC 92027,32.1318,,S
48,0,3,"Passenger, Mock Name 48",male,,1,0,PC 30897,28.9169,,S
49,0,3,"Passenger, Mock Name 49",male,33.7,0,0,PC 76957,13.1608,,S
50,0,1,"Passenger, Mock Name 50",male,15.1,1,0,PC 17283,109.3796,C16,S
51,0,3,"Passenger, Mock Name 51",male,34.5,0,0,PC 10255,9.0887,,S
52,0,3,"Passenger, Mock Name 52",female,48.8,5,0,PC 25487,23.3459,,S
53,0,3,"Passenger, Mock Name 53",female,,0,0,921482,41.2124,,S
54,0,3,"Passenger, Mock Name 54",male,23.8,5,0,PC 71596,10.1279,,S
55,1,3,"Passenger, Mock Name 55",male,,1,0,481784,13.8285,,C
56,0,3,"Passenger, Mock Name 56",male,,0,0,PC 56103,7.9005,,S
57,0,1,"Passenger, Mock Name 57",female,12.6,0,0,493807,99.6167,C59,S
58,1,1,"Passenger, Mock Name 58",female,,8,0,233332,89.392,,S
59,0,1,"Passenger, Mock Name 59",male,37.9,1,1,PC 75883,43.2596,C41,S
60,0,2,"Passenger, Mock Name 60",male,,0,2,399355,21.6703,,S
61,1,2,"Passenger, Mock Name 61",female,25.3,1,0,PC 51542,18.1325,,S
62,0,2,"Passenger, Mock Name 62",male,3.3,0,0,449760,24.7558,,S
63,0,3,"Passenger, Mock Name 63",female,33.6,0,0,250494,15.8105,,S
64,0,2,"Passenger, Mock Name 64",male,37.7,0,1,684398,10.1706,,S
65,1,2,"Passenger, Mock Name 65",male,13.8,0,0,PC 44033,38.6263,,S
66,0,3,"Passenger, Mock Name 66",male,26.8,1,0,555209,19.4832,,S
67,0,1,"Passenger, Mock Name 67",male,29.5,0,1,364418,68.7734,C75,S
68,0,3,"Passenger, Mock Name 68",male,37.2,1,0,569234,7.5439,,S
69,1,1,"Passenger, Mock Name 69",female,29.1,0,1,PC 31975,149.5288,,S
70,0,3,"Passenger, Mock Name 70",male,6.2,0,0,PC 86464,38.0499,,S
71,0,3,"Passenger, Mock Name 71",male,21.6,0,0,354043,9.7464,,S
72,0,1,"Passenger, Mock Name 72",male,32.1,0,1,PC 97231,63.223,C134,S
73,0,1,"Passenger, Mock Name 73",male,40.8,0,0,773131,47.2645,C99,S
74,0,3,"Passenger, Mock Name 74",male,20.4,0,0,348966,15.6023,,C
75,0,3,"Passenger, Mock Name 75",male,59.6,0,0,PC 67623,8.6823,,Q
76,1,3,"Passenger, Mock Name 76",female,2.5,0,2,PC 18562,11.4036,,S
77,0,3,"Passenger, Mock Name 77",male,21.1,0,0,PC 22026,18.9407,,S
78,0,1,"Passenger, Mock Name 78",male,27.8,0,0,PC 36844,99.8058,C113,S
79,0,2,"Passenger, Mock Name 79",male,26.2,1,0,PC 87502,19.7703,,S
80,1,1,"Passenger, Mock Name 80",female,,1,0,557141,76.3384,C57,S
81,1,3,"Passenger, Mock Name 81",female,35.3,0,0,PC 95548,15.2579,,S
82,1,3,"Passenger, Mock Name 82",female,34.2,0,0,PC 65309,7.0588,,Q
83,0,2,"Passenger, Mock Name 83",male,29.7,0,0,354451,11.6353,,S
84,0,1,"Passenger, Mock Name 84",male,33.6,3,2,PC 56628,211.1182,,S
85,1,2,"Passenger, Mock Name 85",male,23.1,0,0,966262,11.6216,,S
86,1,2,"Passenger, Mock Name 86",male,6.4,0,0,525658,34.5383,,C
87,1,3,"Passenger, Mock Name 87",male,19.0,0,0,870802,32.2621,,S
88,0,3,"Passenger, Mock Name 88",male,31.2,0,0,PC 57650,10.1565,,S
89,0,3,"Passenger, Mock Name 89",male,31.3,0,2,807161,11.6282,,S
90,0,3,"Passenger, Mock Name 90",male,29.6,1,0,181147,15.4146,,C
91,1,1,"Passenger, Mock Name 91",female,36.7,0,0,988015,211.4416,C71,S
92,0,3,"Passenger, Mock Name 92",male,20.9,0,0,PC 46575,35.4569,,C
93,0,3,"Passenger, Mock Name 93",male,29.4,0,0,PC 56733,20.454,,S
94,1,3,"Passenger, Mock Name 94",female,,0,0,PC 32553,7.906,,S
95,0,3,"Passenger, Mock Name 95",male,27.8,1,0,588633,18.061,,S
96,1,3,"Passenger, Mock Name 96",female,,0,0,871122,12.2815,,S
97,0,3,"Passenger, Mock Name 97",male,15.5,1,0,PC 45999,13.362,,S
98,0,2,"Passenger, Mock Name 98",male,40.6,0,0,PC 72668,11.0079,,C
99,1,1,"Passenger, Mock Name 99",female,48.5,0,0,343722,48.0228,C40,S
100,0,1,"Passenger, Mock Name 100",female,45.5,3,3,668728,162.8632,,S
101,1,1,"Passenger, Mock Name 101",female,32.3,0,0,PC 65255,81.4302,,S
102,0,3,"Passenger, Mock Name 102",male,12.2,1,0,897676,10.5905,,S
103,1,2,"Passenger, Mock Name 103",male,28.9,0,0,794911,19.6908,,S
104,0,3,"Passenger, Mock Name 104",male,50.9,1,0,PC 38371,26.2689,,S
105,1,3,"Passenger, Mock Name 105",male,37.7,0,0,267229,20.823,,S
106,1,2,"Passenger, Mock Name 106",female,26.1,0,2,PC 37180,16.3578,,S
107,0,2,"Passenger, Mock Name 107",male,37.8,1,0,PC 88616,12.5,,Q
108,0,3,"Passenger, Mock Name 108",female,11.2,2,2,287435,9.9035,,S
109,1,1,"Passenger, Mock Name 109",male,,1,0,PC 47805,245.4945,C100,C
110,0,1,"Passenger, Mock Name 110",male,13.8,1,0,PC 32703,104.0597,C137,S
111,0,2,"Passenger, Mock Name 111",male,35.6,1,2,194799,25.2491,,S
112,1,1,"Passenger, Mock Name 112",female,39.0,0,0,188919,107.1218,C109,S
113,1,3,"Passenger, Mock Name 113",female,,0,2,PC 17410,11.5575,,S
114,1,3,"Passenger, Mock Name 114",female,16.8,0,0,789608,23.4562,,C
115,1,3,"Passenger, Mock Name 115",female,,0,2,PC 57800,14.4084,,S
116,1,3,"Passenger, Mock Name 116",female,22.2,0,0,579319,8.2414,,S
117,1,3,"Passenger, Mock Name 117",female,17.9,0,0,PC 90903,8.3819,,C
118,0,1,"Passenger, Mock Name 118",male,33.7,0,0,PC 45367,95.4265,,S
119,0,3,"Passenger, Mock Name 119",male,18.4,1,0,422038,34.5782,,S
120,1,3,"Passenger, Mock Name 120",male,7.1,0,0,PC 61444,10.6868,,S
121,0,3,"Passenger, Mock Name 121",female,,0,0,141190,27.367,,C
122,1,3,"Passenger, Mock Name 122",female,,0,0,224078,21.4433,,S
123,0,2,"Passenger, Mock Name 123",male,32.5,1,0,650277,15.6954,,S
124,1,1,"Passenger, Mock Name 124",female,31.1,1,1,479179,33.1465,,S
125,0,1,"Passenger, Mock Name 125",female,30.4,0,0,785459,39.1303,C117,Q
126,0,2,"Passenger, Mock Name 126",male,,0,0,991111,36.0754,,S
127,0,3,"Passenger, Mock Name 127",male,45.7,0,0,PC 65261,9.2273,,S
128,1,3,"Passenger, Mock Name 128",female,,0,0,916480,11.6405,,S
129,0,1,"Passenger, Mock Name 129",male,,0,0,PC 45814,89.2069,,Q
130,0,3,"Passenger, Mock Name 130",female,6.9,0,0,PC 70204,19.9269,,C
131,0,2,"Passenger, Mock Name 131",male,48.3,0,2,345256,12.4034,,Q
132,1,1,"Passenger, Mock Name 132",female,,0,1,510275,74.3269,C17,S
133,1,1,"Passenger, Mock Name 133",female,19.1,3,0,PC 79803,86.417,,S
134,1,2,"Passenger, Mock Name 134",female,,3,0,618855,25.5666,,S
135,0,3,"Passenger, Mock Name 135",male,7.6,0,0,PC 77021,24.0573,,C
136,1,2,"Passenger, Mock Name 136",female,29.5,0,0,PC 12419,13.7671,,S
137,1,3,"Passenger, Mock Name 137",female,,0,0,PC 27140,23.4938,,S
138,0,3,"Passenger, Mock Name 138",male,26.3,0,0,PC 55210,18.8051,,C
139,1,2,"Passenger, Mock Name 139",female,7.4,3,0,440641,26.2328,,S
140,1,3,"Passenger, Mock Name 140",male,56.8,0,0,PC 70692,19.024,,S
141,0,3,"Passenger, Mock Name 141",male,36.7,1,0,339040,12.3106,,S
142,0,2,"Passenger, Mock Name 142",male,,0,2,857739,12.9792,,S
143,0,3,"Passenger, Mock Name 143",male,,5,0,PC 93038,17.9591,,C
144,1,2,"Passenger, Mock Name 144",male,42.4,0,1,365161,24.875,,S
145,1,2,"Passenger, Mock Name 145",female,39.9,1,4,PC 60949,30.3983,,S
146,0,1,"Passenger, Mock Name 146",male,,0,0,335067,65.0615,C66,S
147,1,3,"Passenger, Mock Name 147",female,48.8,0,0,PC 13196,30.7372,,S
148,1,3,"Passenger, Mock Name 148",male,,0,0,PC 59714,15.852,,S
149,0,1,"Passenger, Mock Name 149",male,23.9,0,2,PC 78535,37.5881,,S
150,0,2,"Passenger, Mock Name 150",male,0.4,2,3,PC 59220,21.9496,,S
151,1,3,"Passenger, Mock Name 151",female,,2,0,741404,21.1205,,S
152,0,1,"Passenger, Mock Name 152",male,10.4,1,0,PC 98913,164.3453,C84,S
153,0,1,"Passenger, Mock Name 153",male,21.3,0,1,234670,88.0039,C1,S
154,0,3,"Passenger, Mock Name 154",female,14.6,1,0,PC 59725,29.5139,,C
155,0,3,"Passenger, Mock Name 155",male,23.9,0,1,PC 69940,10.1152,,S
156,0,2,"Passenger, Mock Name 156",male,35.2,0,2,372409,20.573,,C
157,0,3,"Passenger, Mock Name 157",male,29.2,0,0,686759,29.8865,,S
158,1,3,"Passenger, Mock Name 158",female,38.9,0,0,556195,29.6584,,S
159,1,1,"Passenger, Mock Name 159",male,46.7,0,0,479028,128.3831,C5,S
160,1,3,"Passenger, Mock Name 160",female,23.8,0,0,PC 50934,26.5886,,S
161,0,2,"Passenger, Mock Name 161",male,22.3,0,0,630338,11.8593,,S
162,1,3,"Passenger, Mock Name 162",female,,1,1,PC 18484,27.0244,,S
163,0,3,"Passenger, Mock Name 163",female,43.5,0,2,PC 63678,10.8657,,Q
164,1,3,"Passenger, Mock Name 164",female,39.4,0,2,981037,8.9642,,S
165,0,1,"Passenger, Mock Name 165",male,15.7,0,0,PC 45361,53.2567,C65,S
166,1,3,"Passenger, Mock Name 166",female,34.9,0,1,PC 36519,12.4123,,C
167,0,2,"Passenger, Mock Name 167",male,30.5,0,0,PC 65781,15.7855,,S
168,0,1,"Passenger, Mock Name 168",male,43.7,0,0,PC 37370,62.8523,C132,C
169,1,1,"Passenger, Mock Name 169",male,21.0,0,0,PC 17971,42.3251,C25,S
170,1,3,"Passenger, Mock Name 170",female,,1,0,PC 35651,10.5123,,Q
171,1,3,"Passenger, Mock Name 171",female,38.7,0,2,PC 33446,15.493,,S
172,1,1,"Passenger, Mock Name 172",female,0.4,1,0,628111,79.5664,C135,S
173,0,3,"Passenger, Mock Name 173",male,18.8,0,0,PC 20220,11.2575,,S
174,0,1,"Passenger, Mock Name 174",male,,0,0,566196,146.6372,C43,S
175,1,3,"Passenger, Mock Name 175",female,14.6,1,0,765897,29.397,,S
176,0,1,"Passenger, Mock Name 176",male,18.5,0,0,PC 79134,150.1753,,S
177,0,3,"Passenger, Mock Name 177",male,,0,0,601443,11.0347,,S
178,0,2,"Passenger, Mock Name 178",male,40.5,1,0,PC 75587,37.2861,,S
179,1,3,"Passenger, Mock Name 179",male,25.5,0,0,PC 88004,8.6485,,C
180,0,1,"Passenger, Mock Name 180",male,44.9,1,1,PC 98938,41.8683,C72,C
181,0,2,"Passenger, Mock Name 181",male,14.1,0,0,464404,18.4816,,S
182,0,1,"Passenger, Mock Name 182",male,12.2,1,0,PC 40916,170.1404,,S
183,0,3,"Passenger, Mock Name 183",male,,0,0,868254,9.8282,,C
184,1,3,"Passenger, Mock Name 184",female,37.1,0,0,546799,7.6534,,S
185,1,2,"Passenger, Mock Name 185",male,22.6,0,0,735869,12.8246,,C
186,0,3,"Passenger, Mock Name 186",male,13.1,0,0,207009,26.5719,,Q
187,1,3,"Passenger, Mock Name 187",female,,0,2,309137,17.0453,,S
188,1,3,"Passenger, Mock Name 188",male,,0,0,619466,9.9196,,C
189,1,3,"Passenger, Mock Name 189",female,20.6,0,1,737547,15.1035,,S
190,0,2,"Passenger, Mock Name 190",female,32.2,0,6,184179,24.9977,,S
191,0,1,"Passenger, Mock Name 191",male,54.2,0,0,915697,120.5654,,S
192,0,3,"Passenger, Mock Name 192",male,34.4,2,0,PC 33880,9.6551,,S
193,1,3,"Passenger, Mock Name 193",female,,0,0,494718,26.9807,,C
194,0,3,"Passenger, Mock Name 194",female,,0,2,569054,10.7015,,S
195,0,2,"Passenger, Mock Name 195",male,37.0,0,2,520641,33.692,,S
196,0,2,"Passenger, Mock Name 196",male,30.5,0,0,PC 77396,10.3251,,S
197,0,3,"Passenger, Mock Name 197",male,,2,1,PC 96274,11.6626,,S
198,0,3,"Passenger, Mock Name 198",female,40.1,0,0,PC 85010,11.3342,,Q
199,1,3,"Passenger, Mock Name 199",male,42.6,4,2,PC 42599,14.8413,,S
200,0,3,"Passenger, Mock Name 200",female,40.2,0,2,PC 85706,7.7552,,S
201,0,3,"Passenger, Mock Name 201",male,29.5,1,0,215018,22.6127,,S
202,0,1,"Passenger, Mock Name 202",male,15.6,0,0,PC 74912,50.8777,C71,S
203,1,1,"Passenger, Mock Name 203",male,0.4,1,0,PC 88210,126.0687,C67,S
204,1,3,"Passenger, Mock Name 204",male,31.2,0,0,181588,23.2563,,S
205,0,3,"Passenger, Mock Name 205",male,44.1,0,1,PC 20567,15.2526,,S
206,0,1,"Passenger, Mock Name 206",male,42.9,0,0,362463,144.7905,C106,S
207,0,1,"Passenger, Mock Name 207",male,40.4,0,0,PC 96120,122.1652,C96,C
208,1,3,"Passenger, Mock Name 208",female,28.0,2,0,231401,11.3933,,S
209,0,1,"Passenger, Mock Name 209",male,44.2,0,3,PC 54078,170.653,C126,S
210,1,1,"Passenger, Mock Name 210",male,41.9,0,0,962132,59.6764,C147,S
211,1,3,"Passenger, Mock Name 211",female,,1,0,PC 65609,15.4679,,C
212,1,3,"Passenger, Mock Name 212",female,38.5,0,0,PC 71901,20.6805,,C
213,0,3,"Passenger, Mock Name 213",female,21.5,3,3,PC 73115,11.7635,,C
214,1,1,"Passenger, Mock Name 214",female,36.6,1,1,PC 37676,60.6541,C18,S
215,0,3,"Passenger, Mock Name 215",male,10.8,0,0,844700,13.1498,,Q
216,1,1,"Passenger, Mock Name 216",male,,1,0,PC 39802,174.8016,C16,S
217,1,2,"Passenger, Mock Name 217",female,43.8,0,0,PC 70162,63.1629,,S
218,1,3,"Passenger, Mock Name 218",female,,0,0,PC 78147,14.8764,,Q
219,0,3,"Passenger, Mock Name 219",male,37.9,0,0,PC 92015,17.8313,,S
220,1,3,"Passenger, Mock Name 220",female,30.2,0,2,229851,30.3587,,S
221,0,3,"Passenger, Mock Name 221",male,0.4,1,0,416359,8.0375,,S
222,0,3,"Passenger, Mock Name 222",male,28.0,2,1,PC 22521,9.6407,,S
223,0,1,"Passenger, Mock Name 223",male,35.4,0,0,663616,134.8975,C130,C
224,0,2,"Passenger, Mock Name 224",male,21.5,0,0,PC 97276,44.7164,,S
225,0,2,"Passenger, Mock Name 225",male,19.0,4,0,700682,48.9023,,S
226,0,2,"Passenger, Mock Name 226",male,49.2,0,0,PC 90722,20.7265,,S
227,1,3,"Passenger, Mock Name 227",female,28.2,0,0,387374,7.9359,,S
228,0,2,"Passenger, Mock Name 228",male,35.4,0,0,PC 51722,21.5173,,S
229,1,3,"Passenger, Mock Name 229",male,39.8,1,0,795519,9.6232,,S
230,1,3,"Passenger, Mock Name 230",female,15.0,0,0,711340,10.4418,,S
231,0,3,"Passenger, Mock Name 231",female,31.7,1,0,PC 15239,21.7958,,S
232,1,3,"Passenger, Mock Name 232",female,47.5,1,5,413030,7.7853,,C
233,1,3,"Passenger, Mock Name 233",female,54.5,0,0,PC 44674,24.5783,,S
234,1,3,"Passenger, Mock Name 234",female,29.6,0,1,PC 39739,12.5804,,S
235,0,1,"Passenger, Mock Name 235",male,25.7,1,0,PC 24497,107.0524,C103,S
236,0,3,"Passenger, Mock Name 236",male,32.8,0,1,357471,7.9393,,S
237,1,2,"Passenger, Mock Name 237",male,32.4,1,0,PC 97695,18.2304,,C
238,0,1,"Passenger, Mock Name 238",male,48.4,3,1,PC 43826,37.9885,C5,Q
239,0,3,"Passenger, Mock Name 239",male,,0,0,PC 94242,39.5823,,S
240,1,1,"Passenger, Mock Name 240",female,25.1,1,0,845459,169.9458,C117,C
241,0,3,"Passenger, Mock Name 241",male,,1,0,PC 22809,13.1551,,S
242,1,3,"Passenger, Mock Name 242",male,14.8,1,0,400572,9.5309,,S
243,0,3,"Passenger, Mock Name 243",male,34.3,0,0,211126,34.0988,,S
244,1,2,"Passenger, Mock Name 244",female,40.3,0,0,668786,18.4501,,S
245,0,1,"Passenger, Mock Name 245",male,19.9,0,0,PC 42009,44.9197,,S
246,0,3,"Passenger, Mock Name 246",female,39.8,0,1,PC 27718,15.282,,C
247,0,2,"Passenger, Mock Name 247",male,44.6,0,0,162598,67.5676,,S
248,0,3,"Passenger, Mock Name 248",male,56.1,1,0,933054,7.0384,,C
249,0,3,"Passenger, Mock Name 249",male,,0,0,994800,9.7197,,C
250,1,3,"Passenger, Mock Name 250",female,,0,0,PC 31988,34.8787,,S
251,0,2,"Passenger, Mock Name 251",male,15.0,0,0,PC 15674,13.7528,,S
252,0,2,"Passenger, Mock Name 252",female,13.6,1,0,166446,12.4037,,S
253,0,3,"Passenger, Mock Name 253",male,46.5,0,2,318417,15.4441,,Q
254,0,2,"Passenger, Mock Name 254",male,7.8,0,1,PC 54291,49.5874,,S
255,1,1,"Passenger, Mock Name 255",female,46.0,0,1,PC 73350,85.1126,,S
256,1,3,"Passenger, Mock Name 256",female,16.8,1,0,401857,59.1476,,S
257,1,3,"Passenger, Mock Name 257",female,19.4,0,1,PC 32185,18.3685,,S
258,1,3,"Passenger, Mock Name 258",female,26.9,0,0,PC 62107,7.7696,,S
259,0,3,"Passenger, Mock Name 259",female,19.1,4,0,903995,56.3815,,S
260,1,1,"Passenger, Mock Name 260",female,42.0,1,0,PC 79072,74.546,C86,S
261,1,3,"Passenger, Mock Name 261",female,54.4,3,0,839782,10.3884,,S
262,1,3,"Passenger, Mock Name 262",female,19.8,0,0,PC 60131,15.1617,,S
263,0,1,"Passenger, Mock Name 263",female,22.9,0,0,199280,60.8421,,S
264,0,3,"Passenger, Mock Name 264",male,26.7,1,0,PC 48665,7.9043,,S
265,1,3,"Passenger, Mock Name 265",female,36.6,0,0,PC 73589,7.0143,,S
266,0,3,"Passenger, Mock Name 266",male,26.9,1,0,883573,12.9708,,S
267,1,3,"Passenger, Mock Name 267",female,48.4,0,0,PC 11626,25.1317,,S
268,1,3,"Passenger, Mock Name 268",female,45.1,0,0,PC 81765,15.4937,,S
269,0,2,"Passenger, Mock Name 269",male,,0,0,924743,152.8013,,S
270,1,2,"Passenger, Mock Name 270",female,,0,1,PC 53371,16.7612,,S
271,1,3,"Passenger, Mock Name 271",male,50.3,0,0,371609,10.2914,,S
272,0,3,"Passenger, Mock Name 272",male,22.1,0,0,PC 75250,8.7406,,S
273,0,3,"Passenger, Mock Name 273",female,,4,0,PC 56023,8.792,,C
274,0,3,"Passenger, Mock Name 274",male,21.6,0,0,640715,10.3573,,C
275,1,3,"Passenger, Mock Name 275",female,21.9,0,1,PC 89012,22.7426,,C
276,1,3,"Passenger, Mock Name 276",female,5.6,1,0,PC 97331,30.6188,,S
277,0,3,"Passenger, Mock Name 277",male,10.4,0,0,117300,43.9237,,S
278,0,3,"Passenger, Mock Name 278",male,30.1,0,1,PC 80507,9.6434,,S
279,1,3,"Passenger, Mock Name 279",male,50.2,1,0,119659,28.3114,,S
280,0,3,"Passenger, Mock Name 280",male,,0,0,PC 43586,10.9788,,S
281,0,3,"Passenger, Mock Name 281",female,,1,0,722323,8.1973,,S
282,0,2,"Passenger, Mock Name 282",male,52.8,1,0,496281,50.8083,,C
283,1,2,"Passenger, Mock Name 283",male,,4,0,374444,30.2178,,S
284,0,1,"Passenger, Mock Name 284",male,5.7,0,0,127209,45.3001,C79,S
285,0,3,"Passenger, Mock Name 285",male,17.4,0,5,383071,12.6182,,S
286,1,1,"Passenger, Mock Name 286",female,19.7,0,0,PC 19032,58.784,C106,S
287,1,3,"Passenger, Mock Name 287",male,,0,0,PC 50731,20.3482,,S
288,1,3,"Passenger, Mock Name 288",female,27.2,1,0,847562,13.0407,,C
289,0,2,"Passenger, Mock Name 289",male,42.3,0,2,862580,100.7128,,S
290,1,3,"Passenger, Mock Name 290",female,11.0,0,1,805314,7.563,,C
291,0,1,"Passenger, Mock Name 291",male,,1,0,972189,67.2749,C76,S
292,0,1,"Passenger, Mock Name 292",male,34.5,0,0,902364,85.8949,C117,C
293,0,3,"Passenger, Mock Name 293",female,27.8,0,0,PC 49743,13.9943,,S
294,0,2,"Passenger, Mock Name 294",male,31.6,0,0,PC 55987,17.5941,,S
295,1,1,"Passenger, Mock Name 295",female,31.8,1,0,260322,141.0545,C128,S
296,1,3,"Passenger, Mock Name 296",female,,0,0,PC 55028,27.7742,,C
297,0,3,"Passenger, Mock Name 297",male,,1,0,941680,34.9229,,Q
298,0,1,"Passenger, Mock Name 298",male,46.5,0,2,407674,168.9949,C71,S
299,1,3,"Passenger, Mock Name 299",female,45.7,1,0,212035,26.01,,S
300,1,1,"Passenger, Mock Name 300",male,43.2,1,2,555358,97.9762,C140,Q
301,0,1,"Passenger, Mock Name 301",male,7.0,0,0,859087,178.5849,C47,S
302,0,3,"Passenger, Mock Name 302",male,,0,0,PC 47085,10.6169,,S
303,0,3,"Passenger, Mock Name 303",male,38.2,0,0,PC 23470,12.0829,,S
304,0,3,"Passenger, Mock Name 304",male,7.5,1,0,PC 89082,10.8113,,S
305,1,3,"Passenger, Mock Name 305",female,26.0,0,0,PC 72028,13.2996,,C
306,1,3,"Passenger, Mock Name 306",female,32.9,0,0,725710,10.3628,,C
307,0,3,"Passenger, Mock Name 307",female,52.3,0,0,368774,39.6,,S
308,1,2,"Passenger, Mock Name 308",female,39.1,0,0,902133,17.5039,,S
309,0,3,"Passenger, Mock Name 309",male,16.9,0,1,983717,8.0319,,C
310,0,2,"Passenger, Mock Name 310",female,52.7,0,0,354809,24.9655,,S
311,0,2,"Passenger, Mock Name 311",male,29.6,0,0,115021,11.1759,,C
312,0,1,"Passenger, Mock Name 312",male,25.4,1,0,PC 58043,39.9573,C142,S
313,0,1,"Passenger, Mock Name 313",male,,0,2,896787,51.0527,C127,S
314,0,3,"Passenger, Mock Name 314",male,6.3,0,0,804364,13.2427,,Q
315,1,3,"Passenger, Mock Name 315",female,27.5,3,0,641486,12.6784,,S
316,1,3,"Passenger, Mock Name 316",female,36.0,1,0,536841,23.079,,S
317,0,2,"Passenger, Mock Name 317",male,23.6,2,0,PC 28740,36.9011,,S
318,0,1,"Passenger, Mock Name 318",male,34.9,0,3,358308,77.2328,C101,S
319,0,1,"Passenger, Mock Name 319",female,,0,0,PC 36783,64.5118,C6,S
320,0,2,"Passenger, Mock Name 320",male,27.0,0,0,440191,17.6097,,Q
321,1,3,"Passenger, Mock Name 321",male,33.4,1,0,106163,21.872,,C
322,0,3,"Passenger, Mock Name 322",male,31.7,0,0,116065,7.5348,,S
323,0,3,"Passenger, Mock Name 323",female,6.5,0,2,PC 93456,7.129,,S
324,1,2,"Passenger, Mock Name 324",female,22.9,0,0,803708,41.7481,,S
325,0,3,"Passenger, Mock Name 325",male,,0,0,PC 30229,13.4845,,S
326,0,3,"Passenger, Mock Name 326",male,,0,0,411857,8.4028,,S
327,1,3,"Passenger, Mock Name 327",female,29.2,0,0,PC 50391,9.6862,,C
328,0,3,"Passenger, Mock Name 328",female,27.8,0,1,PC 69405,33.9569,,S
329,1,2,"Passenger, Mock Name 329",male,51.0,0,0,PC 63031,49.2514,,C
330,1,2,"Passenger, Mock Name 330",female,,4,0,570223,34.7427,,S
331,1,2,"Passenger, Mock Name 331",male,40.3,1,2,514287,23.1643,,S
332,0,3,"Passenger, Mock Name 332",male,15.4,2,0,716013,14.3464,,S
333,1,1,"Passenger, Mock Name 333",female,34.0,1,0,444352,344.3903,C126,S
334,1,1,"Passenger, Mock Name 334",male,,0,0,185779,316.8466,C37,S
335,0,1,"Passenger, Mock Name 335",male,,0,3,PC 23731,50.6052,C8,Q
336,0,1,"Passenger, Mock Name 336",male,16.8,0,0,645007,171.6577,,S
337,1,3,"Passenger, Mock Name 337",male,52.9,0,0,673404,9.197,,Q
338,0,3,"Passenger, Mock Name 338",female,24.8,0,0,PC 32597,9.4021,,S
339,0,3,"Passenger, Mock Name 339",male,,0,0,455431,18.273,,Q
340,1,1,"Passenger, Mock Name 340",female,43.0,0,0,PC 25141,74.1316,,S
341,0,3,"Passenger, Mock Name 341",male,34.7,0,0,746346,33.8157,,Q
342,0,3,"Passenger, Mock Name 342",male,35.3,0,0,389596,7.9322,,S
343,0,1,"Passenger, Mock Name 343",male,9.4,0,0,744576,90.8998,C18,C
344,1,2,"Passenger, Mock Name 344",female,31.9,1,0,PC 21698,60.1483,,C
345,0,2,"Passenger, Mock Name 345",male,,0,1,964282,56.8918,,S
346,1,3,"Passenger, Mock Name 346",female,38.5,0,2,852913,8.7023,,S
347,0,3,"Passenger, Mock Name 347",male,31.2,0,0,PC 54134,11.5671,,S
348,1,1,"Passenger, Mock Name 348",female,53.0,0,0,982508,112.0483,C32,Q
349,1,2,"Passenger, Mock Name 349",male,26.4,0,0,PC 11949,13.4727,,S
350,1,3,"Passenger, Mock Name 350",female,20.3,0,0,PC 41912,41.4271,,S
351,1,3,"Passenger, Mock Name 351",female,,0,1,PC 54387,31.6216,,S
352,1,3,"Passenger, Mock Name 352",female,39.7,0,0,407736,8.8266,,S
353,1,3,"Passenger, Mock Name 353",female,,2,0,929027,8.2915,,C
354,0,1,"Passenger, Mock Name 354",female,,2,1,PC 43298,37.5886,,S
355,1,1,"Passenger, Mock Name 355",male,40.3,0,0,PC 24456,234.1516,,S
356,0,3,"Passenger, Mock Name 356",male,25.2,0,0,PC 93721,9.152,,Q
357,1,1,"Passenger, Mock Name 357",male,44.5,1,0,PC 97381,75.7591,C33,S
358,0,3,"Passenger, Mock Name 358",female,38.0,0,0,636208,12.9575,,S
359,0,3,"Passenger, Mock Name 359",male,59.0,0,0,PC 81725,16.1382,,S
360,1,3,"Passenger, Mock Name 360",female,18.5,0,1,PC 40226,7.7444,,S
361,0,2,"Passenger, Mock Name 361",male,40.6,2,1,PC 96760,15.1433,,S
362,0,3,"Passenger, Mock Name 362",male,14.8,0,0,991641,33.8078,,C
363,0,3,"Passenger, Mock Name 363",male,6.4,0,2,PC 72509,30.9043,,S
364,0,3,"Passenger, Mock Name 364",female,0.5,1,0,PC 10557,22.2001,,S
365,0,3,"Passenger, Mock Name 365",male,36.5,0,1,PC 57700,7.1959,,S
366,0,2,"Passenger, Mock Name 366",male,31.6,0,0,648866,17.9204,,S
367,0,3,"Passenger, Mock Name 367",male,22.3,4,2,943932,16.8875,,C
368,0,3,"Passenger, Mock Name 368",male,,0,2,556610,10.2185,,S
369,0,1,"Passenger, Mock Name 369",male,19.3,0,0,PC 75355,234.2859,C104,S
370,1,1,"Passenger, Mock Name 370",male,,0,2,PC 80202,115.4097,C127,S
371,1,1,"Passenger, Mock Name 371",female,40.1,0,1,679886,36.343,C40,S
372,0,1,"Passenger, Mock Name 372",male,28.8,0,1,910636,233.7414,C141,S
373,1,1,"Passenger, Mock Name 373",male,32.5,0,0,PC 63609,298.9863,C116,S
374,0,3,"Passenger, Mock Name 374",male,23.7,0,1,PC 20336,7.809,,S
375,1,1,"Passenger, Mock Name 375",male,53.5,1,1,659119,94.6048,,C
376,0,2,"Passenger, Mock Name 376",male,14.7,0,0,927767,17.2299,,S
377,0,3,"Passenger, Mock Name 377",male,19.2,0,2,PC 35816,11.9896,,C
378,0,1,"Passenger, Mock Name 378",male,22.1,0,0,334295,46.8322,C48,C
379,0,3,"Passenger, Mock Name 379",male,,1,0,484474,15.6292,,S
380,1,2,"Passenger, Mock Name 380",female,,0,0,PC 59695,73.3919,,S
381,1,1,"Passenger, Mock Name 381",female,30.9,0,0,854547,89.4415,C78,S
382,0,3,"Passenger, Mock Name 382",female,31.3,0,0,353800,7.8655,,S
383,0,3,"Passenger, Mock Name 383",male,19.3,0,0,508224,16.6759,,S
384,0,3,"Passenger, Mock Name 384",male,33.6,0,2,557291,11.1585,,S
385,0,3,"Passenger, Mock Name 385",male,,1,0,734493,26.3742,,S
386,1,3,"Passenger, Mock Name 386",male,,0,0,PC 32099,12.7036,,S
387,1,2,"Passenger, Mock Name 387",female,30.4,0,0,421402,14.2847,,S
388,0,1,"Passenger, Mock Name 388",male,,0,0,PC 53147,48.0274,C28,S
389,0,3,"Passenger, Mock Name 389",male,0.4,1,2,PC 86215,21.6432,,S
390,1,3,"Passenger, Mock Name 390",male,36.5,0,0,PC 20985,10.0868,,S
391,1,3,"Passenger, Mock Name 391",female,43.7,0,1,629149,21.5772,,S
392,0,2,"Passenger, Mock Name 392",male,,0,0,807288,14.6106,,S
393,0,2,"Passenger, Mock Name 393",male,,0,0,PC 52923,17.7629,,S
394,0,3,"Passenger, Mock Name 394",male,,0,0,PC 95818,13.264,,S
395,0,2,"Passenger, Mock Name 395",male,13.0,0,0,PC 52255,67.3629,,S
396,0,3,"Passenger, Mock Name 396",male,9.9,0,0,PC 18176,33.8431,,S
397,0,3,"Passenger, Mock Name 397",male,38.9,0,0,768301,9.3177,,C
398,0,2,"Passenger, Mock Name 398",male,29.1,0,0,841142,18.8702,,C
399,0,3,"Passenger, Mock Name 399",male,43.9,0,1,680074,8.6181,,S
400,0,3,"Passenger, Mock Name 400",male,,0,0,644611,14.1332,,S
401,1,1,"Passenger, Mock Name 401",male,9.4,1,0,PC 16021,82.4676,C16,S
402,0,3,"Passenger, Mock Name 402",male,29.2,4,0,PC 49807,30.1022,,C
403,1,3,"Passenger, Mock Name 403",female,34.8,4,0,412499,33.5934,,S
404,0,3,"Passenger, Mock Name 404",female,40.9,1,1,370855,11.8381,,Q
405,0,2,"Passenger, Mock Name 405",male,31.4,0,0,688321,23.5352,,S
406,0,3,"Passenger, Mock Name 406",male,31.3,1,0,PC 99787,29.6564,,S
407,0,2,"Passenger, Mock Name 407",male,23.5,0,2,856141,42.871,,Q
408,0,1,"Passenger, Mock Name 408",male,51.3,0,0,PC 82743,30.3114,C137,S
409,1,3,"Passenger, Mock Name 409",female,13.6,0,0,240466,10.8575,,S
410,0,1,"Passenger, Mock Name 410",male,34.0,0,0,PC 23280,76.5622,,S
411,1,2,"Passenger, Mock Name 411",female,15.2,1,0,614908,15.2199,,S
412,0,3,"Passenger, Mock Name 412",male,36.5,0,1,823809,9.2261,,S
413,1,3,"Passenger, Mock Name 413",male,,0,1,PC 12340,7.3852,,S
414,1,3,"Passenger, Mock Name 414",female,39.4,2,2,PC 48057,17.3106,,C
415,1,3,"Passenger, Mock Name 415",female,30.6,0,0,PC 25025,10.045,,S
416,0,2,"Passenger, Mock Name 416",female,53.4,0,0,286869,11.0753,,Q
417,1,2,"Passenger, Mock Name 417",female,25.1,2,0,779290,15.2527,,S
418,0,2,"Passenger, Mock Name 418",male,,0,0,831385,42.3811,,S
419,0,3,"Passenger, Mock Name 419",female,18.1,0,0,PC 72040,26.071,,S
420,1,3,"Passenger, Mock Name 420",male,,0,0,PC 74648,13.5984,,S
421,1,3,"Passenger, Mock Name 421",female,30.5,0,0,PC 95669,12.3798,,S
422,1,3,"Passenger, Mock Name 422",male,7.6,1,0,843766,45.1008,,Q
423,1,1,"Passenger, Mock Name 423",female,9.2,0,1,267644,49.0272,C9,S
424,0,3,"Passenger, Mock Name 424",male,37.4,0,1,PC 39203,9.4253,,S
425,0,1,"Passenger, Mock Name 425",male,27.0,0,0,669955,59.3355,C51,S
426,0,3,"Passenger, Mock Name 426",male,20.7,0,0,PC 19862,8.8966,,S
427,1,2,"Passenger, Mock Name 427",female,18.7,4,0,962380,19.5403,,C
428,0,3,"Passenger, Mock Name 428",male,19.2,0,1,PC 67560,31.1726,,S
429,0,2,"Passenger, Mock Name 429",male,30.6,0,0,PC 93529,29.1083,,S
430,0,1,"Passenger, Mock Name 430",male,35.2,0,0,PC 38415,75.1297,C122,S
431,1,1,"Passenger, Mock Name 431",male,,1,0,284286,261.5693,C57,S
432,0,3,"Passenger, Mock Name 432",female,48.8,2,0,103679,7.4968,,S
433,0,3,"Passenger, Mock Name 433",male,47.8,0,0,PC 85024,9.3607,,S
434,1,1,"Passenger, Mock Name 434",female,0.4,0,1,547154,100.9286,,S
435,0,1,"Passenger, Mock Name 435",male,,0,0,PC 68499,111.2556,,S
436,0,3,"Passenger, Mock Name 436",male,43.8,1,0,817583,7.4036,,S
437,0,1,"Passenger, Mock Name 437",female,29.0,0,0,552532,73.8518,,Q
438,1,3,"Passenger, Mock Name 438",female,,1,0,846256,17.4741,,C
439,0,3,"Passenger, Mock Name 439",male,43.2,0,1,394067,18.9756,,S
440,0,1,"Passenger, Mock Name 440",male,25.6,1,0,PC 26292,116.4023,C17,S
441,1,1,"Passenger, Mock Name 441",female,36.7,0,1,383083,62.8517,,S
442,0,3,"Passenger, Mock Name 442",male,60.1,0,0,PC 66440,7.9819,,S
443,1,2,"Passenger, Mock Name 443",female,32.5,0,0,PC 62805,21.1413,,C
444,1,2,"Passenger, Mock Name 444",female,,0,0,673936,12.7566,,S
445,1,3,"Passenger, Mock Name 445",female,24.3,1,0,455642,36.493,,C
446,0,3,"Passenger, Mock Name 446",male,17.9,1,0,880448,13.4468,,Q
447,1,3,"Passenger, Mock Name 447",female,35.1,0,0,162157,10.8164,,S
448,0,3,"Passenger, Mock Name 448",male,17.7,0,0,193778,21.5373,,S
449,0,2,"Passenger, Mock Name 449",male,22.4,0,0,268204,23.7811,,S
450,1,1,"Passenger, Mock Name 450",male,11.0,1,1,164186,61.5446,C78,S
451,0,3,"Passenger, Mock Name 451",male,,0,2,PC 28781,23.7114,,S
452,0,3,"Passenger, Mock Name 452",female,31.5,0,0,131126,27.1855,,S
453,1,2,"Passenger, Mock Name 453",female,0.4,0,2,PC 27883,32.3564,,C
454,1,3,"Passenger, Mock Name 454",female,32.6,0,0,772339,7.481,,S
455,0,1,"Passenger, Mock Name 455",male,28.4,0,0,166266,101.0137,,S
456,1,3,"Passenger, Mock Name 456",male,,0,1,495459,21.4094,,S
457,1,1,"Passenger, Mock Name 457",male,57.4,0,0,PC 66381,42.475,,S
458,1,3,"Passenger, Mock Name 458",female,42.4,5,0,PC 90636,9.5964,,S
459,0,1,"Passenger, Mock Name 459",male,13.7,0,0,166483,212.0084,,C
460,1,1,"Passenger, Mock Name 460",female,40.7,0,1,PC 43525,31.7278,C113,S
461,0,1,"Passenger, Mock Name 461",male,46.4,0,1,PC 54348,148.7673,C91,S
462,0,3,"Passenger, Mock Name 462",male,,1,0,426380,13.4202,,S
463,0,3,"Passenger, Mock Name 463",female,34.1,0,0,838384,12.9199,,S
464,0,3,"Passenger, Mock Name 464",male,,0,0,PC 80153,7.0712,,C
465,1,3,"Passenger, Mock Name 465",female,0.4,0,0,PC 98989,24.1146,,S
466,0,2,"Passenger, Mock Name 466",female,26.4,0,0,211889,18.9203,,C
467,0,2,"Passenger, Mock Name 467",male,,0,1,411467,25.5639,,S
468,1,3,"Passenger, Mock Name 468",male,49.0,1,0,PC 99909,18.3103,,S
469,1,1,"Passenger, Mock Name 469",male,33.7,1,0,232957,133.086,,S
470,0,3,"Passenger, Mock Name 470",female,24.8,0,0,101049,38.2311,,S
471,0,1,"Passenger, Mock Name 471",male,27.7,0,0,PC 76697,94.4196,C111,S
472,0,3,"Passenger, Mock Name 472",male,43.3,2,2,193034,12.1036,,C
473,0,1,"Passenger, Mock Name 473",male,26.4,0,0,387181,291.1788,C48,S
474,1,3,"Passenger, Mock Name 474",female,19.2,1,0,PC 37278,17.2753,,S
475,0,3,"Passenger, Mock Name 475",male,,0,0,PC 67183,10.5404,,S
476,1,3,"Passenger, Mock Name 476",female,42.2,2,0,697565,8.3521,,S
477,1,1,"Passenger, Mock Name 477",female,35.9,1,0,682438,187.1375,C108,S
478,0,3,"Passenger, Mock Name 478",male,29.6,3,0,PC 74471,11.497,,S
479,0,3,"Passenger, Mock Name 479",male,31.7,0,0,PC 28907,17.8019,,S
480,1,3,"Passenger, Mock Name 480",female,,0,0,PC 58487,13.3642,,S
481,0,3,"Passenger, Mock Name 481",male,,2,0,723756,9.2181,,S
482,1,3,"Passenger, Mock Name 482",female,19.7,0,0,PC 78602,16.2052,,S
483,0,3,"Passenger, Mock Name 483",male,24.9,0,2,593857,7.626,,S
484,0,3,"Passenger, Mock Name 484",male,,1,0,626748,12.3331,,S
485,1,3,"Passenger, Mock Name 485",female,13.9,1,0,359925,14.9101,,Q
486,0,3,"Passenger, Mock Name 486",male,19.4,2,0,PC 94631,12.7278,,S
487,0,1,"Passenger, Mock Name 487",male,11.4,0,0,PC 42175,147.3848,C103,S
488,0,2,"Passenger, Mock Name 488",male,8.4,1,0,PC 56798,45.1965,,S
489,1,3,"Passenger, Mock Name 489",male,,1,0,PC 35976,21.751,,S
490,0,3,"Passenger, Mock Name 490",male,20.4,0,0,PC 72821,7.3959,,C
491,0,3,"Passenger, Mock Name 491",male,53.7,0,0,893826,9.1583,,S
492,1,3,"Passenger, Mock Name 492",female,25.0,0,0,PC 43593,14.6918,,Q
493,0,2,"Passenger, Mock Name 493",male,47.1,0,1,PC 63365,64.6127,,C
494,1,1,"Passenger, Mock Name 494",female,42.6,5,0,PC 99439,183.1316,,S
495,0,3,"Passenger, Mock Name 495",male,26.1,0,0,579871,25.4855,,S
496,1,2,"Passenger, Mock Name 496",female,,1,0,203700,17.2254,,S
497,0,3,"Passenger, Mock Name 497",male,32.8,4,0,168247,12.6115,,S
498,1,1,"Passenger, Mock Name 498",female,50.2,0,0,PC 64740,84.0779,,S
499,0,3,"Passenger, Mock Name 499",male,,1,1,PC 99144,8.7123,,S
500,0,3,"Passenger, Mock Name 500",male,34.8,0,0,281142,7.3156,,S
501,0,3,"Passenger, Mock Name 501",male,,1,1,PC 96135,36.3563,,S
502,1,3,"Passenger, Mock Name 502",male,37.7,0,0,PC 58478,9.7537,,S
503,1,2,"Passenger, Mock Name 503",male,13.0,3,0,529865,15.4874,,C
504,0,3,"Passenger, Mock Name 504",male,29.8,0,0,495215,7.8706,,S
505,0,3,"Passenger, Mock Name 505",female,44.0,0,2,870448,33.3817,,C
506,0,1,"Passenger, Mock Name 506",male,50.4,1,0,PC 15445,103.6844,C30,S
507,0,3,"Passenger, Mock Name 507",male,18.9,0,0,608524,17.9972,,S
508,0,3,"Passenger, Mock Name 508",male,36.4,0,0,131153,31.2562,,S
509,1,3,"Passenger, Mock Name 509",female,31.1,0,0,PC 98678,11.2407,,S
510,0,3,"Passenger, Mock Name 510",male,,1,0,416015,16.7156,,S
511,0,3,"Passenger, Mock Name 511",male,34.0,0,2,396751,7.3957,,S
512,0,2,"Passenger, Mock Name 512",male,,0,2,PC 14395,14.1349,,C
513,1,3,"Passenger, Mock Name 513",female,36.6,0,0,PC 97687,24.7931,,S
514,1,3,"Passenger, Mock Name 514",female,49.2,0,2,PC 17470,21.5572,,S
515,0,1,"Passenger, Mock Name 515",male,,0,0,PC 73197,66.7006,C80,C
516,1,1,"Passenger, Mock Name 516",female,33.3,0,0,619846,70.1969,C45,S
517,1,2,"Passenger, Mock Name 517",female,55.1,0,0,PC 37584,25.2523,,S
518,0,3,"Passenger, Mock Name 518",male,44.5,0,0,PC 13338,7.0024,,S
519,0,3,"Passenger, Mock Name 519",female,,0,3,136282,9.7608,,C
520,0,1,"Passenger, Mock Name 520",male,12.0,1,0,PC 86816,49.8464,C140,S
521,0,3,"Passenger, Mock Name 521",male,15.2,0,0,PC 19915,9.8833,,S
522,0,2,"Passenger, Mock Name 522",male,42.1,0,0,PC 20547,42.7882,,S
523,0,3,"Passenger, Mock Name 523",male,20.2,0,0,364603,10.2805,,C
524,0,3,"Passenger, Mock Name 524",male,14.9,0,0,PC 60870,9.126,,S
525,1,3,"Passenger, Mock Name 525",female,,1,6,412604,14.0171,,Q
526,0,3,"Passenger, Mock Name 526",male,19.4,0,1,269319,27.0727,,S
527,1,2,"Passenger, Mock Name 527",male,40.9,0,1,659865,15.5243,,C
528,0,2,"Passenger, Mock Name 528",male,26.8,0,0,PC 95961,11.6358,,S
529,1,1,"Passenger, Mock Name 529",female,9.8,1,0,PC 23463,67.4582,,S
530,0,3,"Passenger, Mock Name 530",male,29.4,0,0,PC 50935,20.7695,,C
531,0,3,"Passenger, Mock Name 531",male,32.1,0,0,881160,15.0004,,S
532,0,3,"Passenger, Mock Name 532",male,22.3,0,0,747937,23.9714,,S
533,0,3,"Passenger, Mock Name 533",male,45.2,4,0,PC 65152,39.0873,,S
534,1,3,"Passenger, Mock Name 534",female,23.1,0,0,323393,22.7341,,S
535,1,3,"Passenger, Mock Name 535",female,44.5,0,0,781132,16.2584,,S
536,0,3,"Passenger, Mock Name 536",male,37.4,1,0,552220,13.7992,,S
537,1,3,"Passenger, Mock Name 537",female,42.0,1,0,PC 10260,7.4089,,S
538,0,2,"Passenger, Mock Name 538",male,13.6,0,0,441115,93.1099,,S
539,0,3,"Passenger, Mock Name 539",female,30.4,1,2,294760,11.8367,,S
540,0,1,"Passenger, Mock Name 540",male,28.3,1,0,980077,44.0372,,S
541,0,3,"Passenger, Mock Name 541",male,9.1,0,1,PC 17207,17.9874,,S
542,0,3,"Passenger, Mock Name 542",male,44.5,0,0,739068,10.3448,,S
543,0,1,"Passenger, Mock Name 543",female,,0,0,422666,104.9151,C79,S
544,0,3,"Passenger, Mock Name 544",male,,4,0,212099,15.8375,,Q
545,0,3,"Passenger, Mock Name 545",male,14.8,1,1,888356,12.901,,S
546,1,2,"Passenger, Mock Name 546",male,38.8,0,1,678621,46.1722,,C
547,1,1,"Passenger, Mock Name 547",female,7.6,1,0,277171,56.1664,C68,C
548,1,3,"Passenger, Mock Name 548",male,37.7,0,0,830841,12.9535,,C
549,1,3,"Passenger, Mock Name 549",female,43.6,0,0,PC 98495,14.7152,,S
550,1,3,"Passenger, Mock Name 550",female,,0,0,PC 22207,17.8953,,C
551,0,3,"Passenger, Mock Name 551",male,39.0,0,2,474344,22.3235,,C
552,1,3,"Passenger, Mock Name 552",female,,1,0,854805,12.0221,,S
553,1,3,"Passenger, Mock Name 553",male,,0,0,395863,17.3859,,S
554,1,3,"Passenger, Mock Name 554",female,49.1,1,0,PC 40013,8.6324,,S
555,0,3,"Passenger, Mock Name 555",male,22.6,0,0,PC 88348,33.9782,,S
556,1,2,"Passenger, Mock Name 556",female,,0,0,372204,19.6596,,S
557,1,1,"Passenger, Mock Name 557",female,24.3,4,0,PC 16655,141.1428,,S
558,1,1,"Passenger, Mock Name 558",female,35.9,0,0,PC 88563,31.7468,C130,S
559,0,3,"Passenger, Mock Name 559",female,21.5,0,0,PC 43289,9.2965,,S
560,1,3,"Passenger, Mock Name 560",male,29.9,0,0,PC 71687,13.6764,,S
561,1,3,"Passenger, Mock Name 561",male,11.7,1,1,PC 82115,28.0581,,S
562,1,1,"Passenger, Mock Name 562",female,,0,0,120448,93.682,C94,C
563,0,1,"Passenger, Mock Name 563",male,38.4,0,0,673582,255.88,C47,S
564,0,1,"Passenger, Mock Name 564",male,,0,0,840749,86.2067,C106,S
565,1,2,"Passenger, Mock Name 565",female,,0,0,PC 27101,23.4845,,S
566,1,3,"Passenger, Mock Name 566",female,38.0,1,0,PC 28932,8.2755,,S
567,1,2,"Passenger, Mock Name 567",female,19.1,0,0,677090,42.4562,,C
568,1,2,"Passenger, Mock Name 568",male,30.8,0,0,PC 35362,15.6729,,Q
569,1,3,"Passenger, Mock Name 569",female,45.3,0,3,658005,29.9872,,S
570,0,2,"Passenger, Mock Name 570",male,17.6,0,0,PC 33016,58.3429,,Q
571,1,3,"Passenger, Mock Name 571",female,,2,0,PC 70287,35.7016,,S
572,0,3,"Passenger, Mock Name 572",male,,0,0,192447,14.3445,,S
573,1,2,"Passenger, Mock Name 573",female,,5,0,PC 37621,32.6079,,S
574,1,3,"Passenger, Mock Name 574",female,,0,0,PC 74325,22.074,,C
575,0,3,"Passenger, Mock Name 575",male,46.0,0,1,PC 67771,8.4043,,S
576,1,3,"Passenger, Mock Name 576",female,20.6,1,0,770050,16.1869,,S
577,0,1,"Passenger, Mock Name 577",male,,0,0,635244,32.9665,,C
578,1,3,"Passenger, Mock Name 578",female,38.0,1,0,267605,13.8829,,S
579,1,3,"Passenger, Mock Name 579",female,12.2,5,0,201131,8.6823,,S
580,0,2,"Passenger, Mock Name 580",male,38.7,0,0,PC 21519,14.0404,,C
581,1,3,"Passenger, Mock Name 581",female,,0,0,101832,11.5421,,S
582,1,3,"Passenger, Mock Name 582",female,,1,0,738210,12.664,,S
583,0,3,"Passenger, Mock Name 583",male,,0,0,958267,16.7597,,S
584,1,2,"Passenger, Mock Name 584",male,,0,0,137570,11.5469,,S
585,1,3,"Passenger, Mock Name 585",female,42.5,0,2,PC 82298,14.0056,,S
586,1,2,"Passenger, Mock Name 586",female,33.6,0,0,727475,14.0331,,S
587,1,1,"Passenger, Mock Name 587",female,51.9,1,1,640027,102.5269,C122,S
588,1,1,"Passenger, Mock Name 588",female,53.6,0,1,848779,116.2298,C41,S
589,0,1,"Passenger, Mock Name 589",male,53.8,0,0,855724,99.15,,C
590,0,1,"Passenger, Mock Name 590",female,22.1,0,0,PC 49470,143.9458,C134,Q
591,0,1,"Passenger, Mock Name 591",male,,0,0,PC 58621,64.7552,C24,S
592,0,3,"Passenger, Mock Name 592",male,21.3,0,0,PC 47997,21.4862,,S
593,0,1,"Passenger, Mock Name 593",male,38.9,1,0,984237,78.1937,C117,C
594,0,2,"Passenger, Mock Name 594",male,,0,1,521607,23.2401,,S
595,0,3,"Passenger, Mock Name 595",male,,1,2,866230,17.4441,,S
596,0,3,"Passenger, Mock Name 596",male,36.8,1,0,959771,7.1853,,Q
597,1,3,"Passenger, Mock Name 597",female,8.4,0,0,370877,17.613,,C
598,0,1,"Passenger, Mock Name 598",male,31.0,0,0,136051,111.9288,C61,C
599,0,1,"Passenger, Mock Name 599",male,44.7,0,1,177338,61.5216,C114,S
600,0,1,"Passenger, Mock Name 600",male,36.7,0,0,PC 38133,37.6245,,S
601,0,1,"Passenger, Mock Name 601",male,,1,0,281980,38.1038,C130,S
602,0,2,"Passenger, Mock Name 602",male,51.4,1,0,PC 61458,61.3372,,S
603,0,1,"Passenger, Mock Name 603",male,,0,0,941847,129.3532,C105,S
604,0,1,"Passenger, Mock Name 604",male,,0,2,PC 64399,41.5547,C98,S
605,1,1,"Passenger, Mock Name 605",female,45.7,2,0,PC 32191,67.5003,C31,C
606,0,3,"Passenger, Mock Name 606",male,45.4,4,0,189407,15.9767,,C
607,0,1,"Passenger, Mock Name 607",male,36.8,0,2,686801,183.4489,C19,S
608,0,2,"Passenger, Mock Name 608",male,26.8,0,0,769764,10.8929,,C
609,1,3,"Passenger, Mock Name 609",female,29.0,0,0,PC 59997,9.7002,,C
610,1,3,"Passenger, Mock Name 610",male,11.1,3,0,PC 71032,29.05,,S
611,0,1,"Passenger, Mock Name 611",male,,0,0,PC 91455,30.7827,C84,S
612,1,3,"Passenger, Mock Name 612",male,,0,0,PC 28030,9.2489,,S
613,0,3,"Passenger, Mock Name 613",male,10.6,0,0,PC 83551,38.9477,,S
614,0,1,"Passenger, Mock Name 614",male,41.1,0,0,278725,110.7814,C145,S
615,1,3,"Passenger, Mock Name 615",male,34.7,0,0,PC 74559,10.0337,,S
616,1,3,"Passenger, Mock Name 616",male,14.7,8,1,PC 14131,7.6934,,S
617,0,1,"Passenger, Mock Name 617",male,12.1,0,1,PC 97043,32.4307,C47,S
618,0,2,"Passenger, Mock Name 618",male,,0,0,PC 99342,15.614,,C
619,1,3,"Passenger, Mock Name 619",female,23.4,0,0,359820,28.3272,,S
620,1,3,"Passenger, Mock Name 620",female,54.5,0,0,PC 19470,12.3771,,C
621,1,1,"Passenger, Mock Name 621",female,42.3,0,0,PC 54308,138.3033,,S
622,1,1,"Passenger, Mock Name 622",female,35.6,0,1,235669,242.884,C121,S
623,0,2,"Passenger, Mock Name 623",male,36.3,0,0,PC 75020,20.4863,,Q
624,0,3,"Passenger, Mock Name 624",male,47.6,0,0,726754,9.123,,S
625,0,3,"Passenger, Mock Name 625",male,40.9,0,0,PC 71923,14.2798,,S
626,0,2,"Passenger, Mock Name 626",male,36.0,0,0,879680,57.7375,,C
627,0,3,"Passenger, Mock Name 627",female,15.3,4,0,524986,23.3155,,S
628,0,3,"Passenger, Mock Name 628",male,71.9,3,0,614295,7.681,,S
629,1,1,"Passenger, Mock Name 629",female,13.6,0,3,PC 67439,130.2589,C145,S
630,1,2,"Passenger, Mock Name 630",male,,0,1,PC 12369,26.9679,,C
631,1,3,"Passenger, Mock Name 631",female,5.8,1,0,PC 10528,30.8015,,S
632,1,3,"Passenger, Mock Name 632",male,36.5,0,0,727267,8.3066,,S
633,0,3,"Passenger, Mock Name 633",male,31.1,1,2,135109,14.6365,,S
634,0,3,"Passenger, Mock Name 634",male,39.7,3,0,PC 65808,28.158,,S
635,0,1,"Passenger, Mock Name 635",male,4.7,0,0,475987,74.8522,C29,C
636,1,2,"Passenger, Mock Name 636",male,44.6,0,0,PC 38906,23.1554,,S
637,1,3,"Passenger, Mock Name 637",male,17.7,4,1,PC 76896,7.7307,,S
638,1,2,"Passenger, Mock Name 638",female,26.9,0,0,PC 57020,16.5186,,S
639,1,2,"Passenger, Mock Name 639",male,,0,0,PC 32161,17.8462,,C
640,1,2,"Passenger, Mock Name 640",male,32.7,0,1,PC 18463,68.053,,S
641,0,1,"Passenger, Mock Name 641",male,,0,2,PC 71009,58.2383,C17,C
642,1,2,"Passenger, Mock Name 642",female,40.2,1,2,584469,22.3559,,C
643,0,1,"Passenger, Mock Name 643",male,35.0,1,0,PC 19797,124.573,C50,S
644,0,2,"Passenger, Mock Name 644",male,24.2,8,0,PC 23965,13.5391,,S
645,1,1,"Passenger, Mock Name 645",male,26.7,0,0,PC 36926,86.6434,C104,S
646,0,3,"Passenger, Mock Name 646",male,32.0,0,0,PC 46394,20.4147,,C
647,1,3,"Passenger, Mock Name 647",female,,0,0,PC 38287,27.1632,,S
648,0,3,"Passenger, Mock Name 648",male,42.9,0,0,449060,16.8419,,S
649,0,3,"Passenger, Mock Name 649",male,33.0,0,1,PC 97483,18.058,,C
650,0,3,"Passenger, Mock Name 650",female,,4,0,PC 16765,8.35,,S
651,0,1,"Passenger, Mock Name 651",male,,1,0,241879,277.7445,C96,S
652,0,3,"Passenger, Mock Name 652",male,27.3,0,0,PC 67944,8.4223,,S
653,0,3,"Passenger, Mock Name 653",male,26.4,0,0,515874,21.902,,S
654,1,3,"Passenger, Mock Name 654",female,22.2,0,0,659274,10.0763,,C
655,0,2,"Passenger, Mock Name 655",male,33.8,0,0,PC 60304,64.2391,,S
656,1,1,"Passenger, Mock Name 656",female,33.3,1,0,460591,138.1898,C37,S
657,0,2,"Passenger, Mock Name 657",male,19.7,0,0,191594,38.0333,,C
658,1,2,"Passenger, Mock Name 658",male,26.5,8,0,960030,14.9451,,S
659,0,3,"Passenger, Mock Name 659",male,19.8,0,0,PC 48745,12.8526,,Q
660,1,3,"Passenger, Mock Name 660",female,19.1,0,1,241753,16.6185,,Q
661,0,2,"Passenger, Mock Name 661",male,4.8,1,0,PC 64933,39.3912,,S
662,0,3,"Passenger, Mock Name 662",female,25.8,0,0,PC 10944,8.0977,,S
663,1,3,"Passenger, Mock Name 663",female,5.2,0,1,926278,39.7983,,S
664,0,1,"Passenger, Mock Name 664",male,,0,0,PC 42596,217.7891,C123,S
665,0,1,"Passenger, Mock Name 665",male,20.4,0,2,893339,56.791,C73,S
666,0,1,"Passenger, Mock Name 666",male,43.7,1,1,911441,177.0714,C83,S
667,1,2,"Passenger, Mock Name 667",male,14.8,0,0,PC 45725,24.6097,,S
668,1,1,"Passenger, Mock Name 668",female,18.3,1,3,390911,82.6607,C48,C
669,1,1,"Passenger, Mock Name 669",female,23.7,0,0,648390,62.0884,C22,S
670,0,2,"Passenger, Mock Name 670",male,,0,0,167438,27.3962,,S
671,0,1,"Passenger, Mock Name 671",male,48.2,1,0,754539,141.2584,C46,S
672,1,3,"Passenger, Mock Name 672",female,13.1,0,0,556985,12.2922,,Q
673,0,1,"Passenger, Mock Name 673",male,23.7,0,2,PC 12994,114.3323,C11,S
674,1,3,"Passenger, Mock Name 674",female,33.6,0,0,500593,19.0169,,C
675,0,2,"Passenger, Mock Name 675",male,41.3,0,0,870878,34.835,,S
676,1,3,"Passenger, Mock Name 676",female,23.7,0,0,609082,7.5337,,S
677,0,1,"Passenger, Mock Name 677",male,2.1,0,0,PC 91574,196.9666,C120,S
678,0,2,"Passenger, Mock Name 678",male,26.9,0,0,979577,22.2591,,S
679,0,3,"Passenger, Mock Name 679",male,47.9,0,0,976038,10.0438,,S
680,0,3,"Passenger, Mock Name 680",male,33.0,4,1,PC 67410,9.7676,,S
681,0,3,"Passenger, Mock Name 681",male,,0,0,PC 93697,13.5974,,S
682,1,2,"Passenger, Mock Name 682",female,14.1,1,1,PC 77764,53.5776,,Q
683,1,1,"Passenger, Mock Name 683",female,12.7,0,0,PC 18888,70.4068,,S
684,0,3,"Passenger, Mock Name 684",male,29.3,0,1,PC 52197,20.852,,Q
685,0,3,"Passenger, Mock Name 685",male,9.0,1,0,461085,8.0183,,S
686,1,3,"Passenger, Mock Name 686",male,39.9,0,0,601616,13.4637,,S
687,0,3,"Passenger, Mock Name 687",male,,1,0,753974,54.8983,,S
688,0,2,"Passenger, Mock Name 688",male,28.7,0,1,786505,39.4316,,S
689,0,3,"Passenger, Mock Name 689",male,2.6,0,0,989602,9.3639,,S
690,0,1,"Passenger, Mock Name 690",male,23.5,0,2,PC 77664,89.1629,,S
691,0,2,"Passenger, Mock Name 691",male,,0,0,717904,15.3217,,S
692,0,2,"Passenger, Mock Name 692",male,0.4,1,0,510749,20.5378,,C
693,0,3,"Passenger, Mock Name 693",male,36.6,0,0,409091,22.1451,,S
694,0,2,"Passenger, Mock Name 694",female,,4,2,551813,39.5003,,C
695,1,1,"Passenger, Mock Name 695",male,44.8,3,0,329685,52.0066,,S
696,0,3,"Passenger, Mock Name 696",female,,0,1,PC 13952,32.5391,,S
697,1,2,"Passenger, Mock Name 697",male,23.2,0,1,744742,27.9576,,S
698,0,3,"Passenger, Mock Name 698",male,40.3,1,0,404604,11.7791,,S
699,1,1,"Passenger, Mock Name 699",female,46.1,4,0,PC 96785,89.2472,,S
700,0,3,"Passenger, Mock Name 700",female,30.9,0,0,257029,16.2905,,S
701,0,3,"Passenger, Mock Name 701",female,12.4,0,0,PC 41876,15.2073,,S
702,1,1,"Passenger, Mock Name 702",male,,0,1,639105,86.6372,,S
703,0,2,"Passenger, Mock Name 703",male,,1,0,PC 58432,24.0612,,S
704,0,1,"Passenger, Mock Name 704",female,28.0,0,0,PC 30504,46.4972,,S
705,0,1,"Passenger, Mock Name 705",male,0.4,1,1,PC 31050,172.3936,C72,S
706,0,3,"Passenger, Mock Name 706",male,8.4,0,0,PC 23587,14.8036,,Q
707,0,2,"Passenger, Mock Name 707",male,23.1,0,0,PC 61921,12.8101,,C
708,0,3,"Passenger, Mock Name 708",male,43.5,0,0,PC 16840,21.5311,,S
709,1,2,"Passenger, Mock Name 709",female,25.2,0,0,655728,63.896,,C
710,0,3,"Passenger, Mock Name 710",male,43.8,0,0,757749,36.4327,,C
711,0,3,"Passenger, Mock Name 711",male,21.6,0,1,PC 76299,11.6048,,S
712,0,3,"Passenger, Mock Name 712",male,1.5,0,0,739791,8.4562,,S
713,0,3,"Passenger, Mock Name 713",male,,0,0,402085,14.3064,,Q
714,0,2,"Passenger, Mock Name 714",male,33.8,0,0,842319,12.3894,,S
715,0,2,"Passenger, Mock Name 715",male,,4,0,427507,64.3582,,C
716,0,3,"Passenger, Mock Name 716",male,11.4,0,0,591112,9.0283,,S
717,0,3,"Passenger, Mock Name 717",female,24.1,0,2,PC 57857,9.9138,,S
718,0,3,"Passenger, Mock Name 718",male,66.6,0,0,502611,12.2195,,S
719,0,1,"Passenger, Mock Name 719",male,11.7,5,0,PC 94743,71.068,,S
720,0,3,"Passenger, Mock Name 720",female,38.3,0,0,PC 56229,22.831,,C
721,1,3,"Passenger, Mock Name 721",female,0.4,1,0,162583,13.0939,,Q
722,0,1,"Passenger, Mock Name 722",male,,1,0,PC 82969,45.9167,,S
723,0,1,"Passenger, Mock Name 723",male,,0,0,864948,56.4262,C141,S
724,1,3,"Passenger, Mock Name 724",male,,0,0,896960,14.1154,,C
725,0,3,"Passenger, Mock Name 725",female,10.9,0,0,554377,8.5953,,S
726,1,3,"Passenger, Mock Name 726",female,33.1,0,0,PC 80179,16.4586,,S
727,0,1,"Passenger, Mock Name 727",female,16.3,0,0,PC 80979,100.9009,C64,S
728,0,3,"Passenger, Mock Name 728",male,19.0,1,2,687760,19.5422,,C
729,1,1,"Passenger, Mock Name 729",female,35.2,0,0,PC 41346,265.9488,C26,C
730,0,1,"Passenger, Mock Name 730",male,,1,0,PC 87124,236.8318,C107,S
731,0,1,"Passenger, Mock Name 731",male,34.3,0,0,PC 27942,278.2147,C30,S
732,0,3,"Passenger, Mock Name 732",male,26.3,1,0,953575,9.8066,,Q
733,1,3,"Passenger, Mock Name 733",female,29.9,0,0,102016,8.4106,,S
734,0,3,"Passenger, Mock Name 734",male,35.2,0,0,631562,10.5993,,S
735,1,2,"Passenger, Mock Name 735",female,,0,0,PC 30175,55.0921,,S
736,0,3,"Passenger, Mock Name 736",male,,3,0,969440,42.7746,,C
737,0,2,"Passenger, Mock Name 737",male,21.5,0,0,301081,49.2261,,S
738,0,3,"Passenger, Mock Name 738",male,45.7,0,0,992055,8.1655,,S
739,0,2,"Passenger, Mock Name 739",male,30.6,0,0,620140,68.9114,,S
740,1,2,"Passenger, Mock Name 740",female,17.2,0,0,PC 71877,21.0107,,S
741,0,3,"Passenger, Mock Name 741",male,34.6,0,0,PC 79072,7.0935,,S
742,1,2,"Passenger, Mock Name 742",female,35.6,0,0,601775,21.682,,S
743,0,3,"Passenger, Mock Name 743",female,36.3,0,0,PC 45326,7.4716,,S
744,1,3,"Passenger, Mock Name 744",female,15.3,0,0,483556,14.8499,,S
745,0,1,"Passenger, Mock Name 745",male,19.4,0,1,971643,65.1328,C38,S
746,0,3,"Passenger, Mock Name 746",male,19.5,0,0,PC 46292,13.4138,,S
747,1,2,"Passenger, Mock Name 747",male,,1,0,PC 89233,28.9954,,Q
748,0,3,"Passenger, Mock Name 748",female,36.5,0,0,637717,27.3104,,C
749,1,3,"Passenger, Mock Name 749",female,33.1,0,3,369284,17.8442,,S
750,0,3,"Passenger, Mock Name 750",male,34.3,0,0,508117,12.6925,,C
751,1,1,"Passenger, Mock Name 751",female,48.0,4,0,PC 30491,175.4881,C108,S
752,1,3,"Passenger, Mock Name 752",male,,3,0,PC 18078,30.6003,,Q
753,0,3,"Passenger, Mock Name 753",male,27.0,1,0,582737,8.2756,,S
754,0,2,"Passenger, Mock Name 754",male,12.4,0,0,573026,25.1829,,S
755,0,1,"Passenger, Mock Name 755",female,19.0,0,0,519614,58.4572,,S
756,1,3,"Passenger, Mock Name 756",male,25.3,0,2,PC 31246,7.482,,S
757,0,3,"Passenger, Mock Name 757",female,40.6,0,2,134512,18.0427,,Q
758,0,3,"Passenger, Mock Name 758",female,28.6,0,0,PC 87395,26.861,,S
759,1,3,"Passenger, Mock Name 759",female,19.8,1,0,564175,8.7781,,S
760,0,3,"Passenger, Mock Name 760",male,18.7,1,2,797845,23.7352,,S
761,0,1,"Passenger, Mock Name 761",male,28.0,1,0,412809,193.2016,,S
762,0,2,"Passenger, Mock Name 762",male,41.5,0,0,252110,59.1475,,S
763,1,2,"Passenger, Mock Name 763",male,51.3,1,0,PC 24325,16.1655,,S
764,0,3,"Passenger, Mock Name 764",male,26.1,0,0,773356,30.4292,,Q
765,1,1,"Passenger, Mock Name 765",female,28.4,0,0,PC 55211,62.8642,C43,S
766,0,3,"Passenger, Mock Name 766",male,12.0,1,0,362968,15.0372,,S
767,0,3,"Passenger, Mock Name 767",male,56.1,0,0,PC 76617,7.5183,,Q
768,1,3,"Passenger, Mock Name 768",male,9.4,0,0,PC 26876,7.4487,,S
769,0,2,"Passenger, Mock Name 769",male,45.4,0,0,567018,35.486,,S
770,1,3,"Passenger, Mock Name 770",male,23.9,1,0,878610,12.8785,,S
771,0,1,"Passenger, Mock Name 771",male,,1,1,PC 88413,55.1691,C125,C
772,0,3,"Passenger, Mock Name 772",female,13.5,0,0,PC 36598,9.1123,,S
773,1,1,"Passenger, Mock Name 773",male,62.7,1,0,694140,124.2243,,Q
774,0,2,"Passenger, Mock Name 774",female,32.1,0,2,109695,10.008,,C
775,1,3,"Passenger, Mock Name 775",female,29.3,0,2,815995,23.3934,,S
776,0,1,"Passenger, Mock Name 776",male,41.4,1,0,753009,37.0181,C4,S
777,1,1,"Passenger, Mock Name 777",female,19.9,1,0,910372,48.0677,C77,S
778,0,3,"Passenger, Mock Name 778",male,29.0,5,0,247049,11.8815,,S
779,0,3,"Passenger, Mock Name 779",female,29.8,0,1,PC 67874,13.6331,,C
780,0,3,"Passenger, Mock Name 780",male,21.8,0,2,335994,11.385,,Q
781,1,3,"Passenger, Mock Name 781",female,45.8,0,1,PC 83501,10.8671,,S
782,1,3,"Passenger, Mock Name 782",female,25.9,2,0,PC 37740,40.2191,,S
783,1,2,"Passenger, Mock Name 783",female,7.3,0,0,PC 60643,30.521,,S
784,1,2,"Passenger, Mock Name 784",female,,1,0,PC 46996,10.4742,,S
785,0,1,"Passenger, Mock Name 785",male,32.5,0,0,PC 47177,77.8063,C133,S
786,0,3,"Passenger, Mock Name 786",male,16.5,0,0,PC 36119,27.7951,,S
787,0,3,"Passenger, Mock Name 787",male,17.6,0,0,PC 37915,10.5876,,S
788,0,2,"Passenger, Mock Name 788",male,21.4,0,0,PC 54989,11.9866,,S
789,1,3,"Passenger, Mock Name 789",female,46.1,0,0,PC 56553,21.2041,,S
790,0,3,"Passenger, Mock Name 790",male,22.2,1,0,PC 27881,16.3144,,C
791,1,1,"Passenger, Mock Name 791",female,,0,0,PC 79306,101.7993,C20,C
792,0,3,"Passenger, Mock Name 792",male,20.4,0,0,527530,7.5507,,S
793,1,3,"Passenger, Mock Name 793",female,33.6,0,0,728800,8.514,,S
794,0,3,"Passenger, Mock Name 794",male,22.8,0,0,199599,16.7432,,S
795,0,1,"Passenger, Mock Name 795",female,,0,0,642057,49.8026,C34,S
796,1,3,"Passenger, Mock Name 796",female,13.3,0,4,PC 56365,14.0132,,S
797,0,3,"Passenger, Mock Name 797",male,,0,0,855897,14.872,,C
798,0,3,"Passenger, Mock Name 798",male,30.6,0,0,PC 46303,10.3339,,S
799,1,3,"Passenger, Mock Name 799",female,20.0,0,0,PC 72248,36.6472,,S
800,0,3,"Passenger, Mock Name 800",male,26.7,0,0,517740,25.481,,S
801,0,3,"Passenger, Mock Name 801",male,50.5,0,1,PC 25861,19.8148,,S
802,0,1,"Passenger, Mock Name 802",male,30.9,0,0,416405,36.9023,C126,S
803,0,3,"Passenger, Mock Name 803",male,19.2,0,1,436279,8.1219,,Q
804,0,3,"Passenger, Mock Name 804",male,12.1,2,0,PC 96089,13.7881,,S
805,1,2,"Passenger, Mock Name 805",male,36.1,1,1,320421,13.5041,,S
806,0,3,"Passenger, Mock Name 806",male,,1,0,PC 39520,45.2885,,S
807,0,3,"Passenger, Mock Name 807",male,38.7,0,1,PC 37350,8.7259,,Q
808,1,3,"Passenger, Mock Name 808",female,8.5,1,0,950297,13.6839,,S
809,0,3,"Passenger, Mock Name 809",male,12.6,1,0,555561,11.5275,,S
810,0,1,"Passenger, Mock Name 810",female,45.1,1,0,377132,116.6956,C145,C
811,0,3,"Passenger, Mock Name 811",male,33.6,0,2,PC 49107,8.3816,,S
812,0,3,"Passenger, Mock Name 812",male,36.5,0,0,PC 78476,12.6267,,S
813,1,1,"Passenger, Mock Name 813",male,15.5,1,0,676572,57.3,C146,S
814,0,3,"Passenger, Mock Name 814",male,,0,1,924142,28.8704,,S
815,0,3,"Passenger, Mock Name 815",male,42.9,0,0,PC 50498,7.4143,,S
816,0,3,"Passenger, Mock Name 816",male,43.5,0,0,817817,31.5024,,S
817,0,3,"Passenger, Mock Name 817",male,13.8,0,0,PC 72508,24.8973,,S
818,1,2,"Passenger, Mock Name 818",male,,0,0,475579,17.0642,,S
819,1,1,"Passenger, Mock Name 819",female,27.5,0,2,103098,162.3684,,S
820,1,2,"Passenger, Mock Name 820",male,17.8,0,1,PC 88672,10.6342,,S
821,0,3,"Passenger, Mock Name 821",male,17.5,0,0,PC 64333,41.0718,,S
822,1,1,"Passenger, Mock Name 822",female,11.5,0,3,PC 80423,93.5633,C72,Q
823,1,2,"Passenger, Mock Name 823",male,22.4,0,0,175028,17.2275,,S
824,0,2,"Passenger, Mock Name 824",male,12.8,0,0,138575,19.0066,,S
825,1,3,"Passenger, Mock Name 825",female,13.7,1,0,PC 65268,7.6871,,S
826,0,3,"Passenger, Mock Name 826",male,33.2,1,0,705069,52.4215,,S
827,1,2,"Passenger, Mock Name 827",female,,0,0,715760,10.8017,,S
828,1,2,"Passenger, Mock Name 828",female,35.8,0,2,219783,31.2788,,S
829,0,3,"Passenger, Mock Name 829",male,5.9,0,1,279300,12.8472,,S
830,1,3,"Passenger, Mock Name 830",male,29.1,1,0,PC 30545,36.7429,,S
831,0,1,"Passenger, Mock Name 831",male,58.1,0,0,PC 85350,54.0008,C141,C
832,0,3,"Passenger, Mock Name 832",male,23.8,0,0,221284,14.5947,,S
833,0,1,"Passenger, Mock Name 833",male,,0,2,PC 11740,85.9698,,S
834,1,1,"Passenger, Mock Name 834",female,,0,1,PC 81591,133.1538,C20,S
835,0,3,"Passenger, Mock Name 835",male,41.1,1,0,935863,7.7043,,S
836,0,2,"Passenger, Mock Name 836",male,31.3,1,1,958407,14.3082,,S
837,0,3,"Passenger, Mock Name 837",female,36.9,0,0,450891,9.4152,,S
838,1,2,"Passenger, Mock Name 838",female,38.8,0,0,PC 27601,36.7997,,S
839,0,3,"Passenger, Mock Name 839",male,,0,0,PC 81543,9.0966,,C
840,0,3,"Passenger, Mock Name 840",male,13.4,0,0,PC 77612,15.5212,,C
841,0,1,"Passenger, Mock Name 841",male,5.1,0,0,PC 26292,50.6025,C47,S
842,0,3,"Passenger, Mock Name 842",male,,0,0,230439,26.7779,,S
843,0,1,"Passenger, Mock Name 843",male,25.2,0,0,PC 40383,272.2938,C122,C
844,0,3,"Passenger, Mock Name 844",male,37.3,0,0,794388,14.3083,,S
845,1,1,"Passenger, Mock Name 845",female,13.5,3,0,PC 14841,66.919,C14,S
846,0,2,"Passenger, Mock Name 846",male,41.9,0,0,PC 36918,15.333,,S
847,0,1,"Passenger, Mock Name 847",male,22.0,1,0,PC 27443,34.3403,C27,S
848,0,3,"Passenger, Mock Name 848",male,22.1,1,2,918408,10.1266,,S
849,0,3,"Passenger, Mock Name 849",male,17.3,0,0,PC 63744,17.62,,S
850,1,3,"Passenger, Mock Name 850",female,,1,0,PC 18108,14.6275,,S
851,1,1,"Passenger, Mock Name 851",female,32.2,0,0,353856,275.067,C2,S
852,1,3,"Passenger, Mock Name 852",female,53.0,0,1,PC 42210,12.0464,,C
853,0,1,"Passenger, Mock Name 853",male,28.1,0,5,427660,130.6165,C60,S
854,0,3,"Passenger, Mock Name 854",male,3.1,8,0,PC 14889,13.7202,,S
855,0,1,"Passenger, Mock Name 855",male,39.9,0,0,918403,91.0828,C15,S
856,0,1,"Passenger, Mock Name 856",male,6.3,0,2,PC 99882,56.4917,C134,S
857,0,1,"Passenger, Mock Name 857",male,,2,0,PC 15681,81.5847,C18,C
858,1,3,"Passenger, Mock Name 858",female,25.7,0,0,313328,13.3636,,S
859,0,3,"Passenger, Mock Name 859",male,30.7,1,0,674349,19.2636,,S
860,1,1,"Passenger, Mock Name 860",male,,1,0,PC 83740,270.0514,,S
861,0,3,"Passenger, Mock Name 861",male,25.1,1,0,PC 71401,10.9947,,S
862,0,3,"Passenger, Mock Name 862",male,39.0,4,0,920173,7.4312,,S
863,1,3,"Passenger, Mock Name 863",male,40.9,4,0,363552,13.8576,,S
864,1,2,"Passenger, Mock Name 864",female,46.5,0,2,PC 94208,25.7255,,S
865,0,2,"Passenger, Mock Name 865",female,55.7,1,0,756578,13.689,,S
866,1,3,"Passenger, Mock Name 866",female,40.3,0,1,594897,21.2905,,S
867,0,1,"Passenger, Mock Name 867",male,26.0,0,0,PC 40105,386.5742,,S
868,0,1,"Passenger, Mock Name 868",male,41.0,0,0,PC 75063,277.7417,C39,Q
869,0,3,"Passenger, Mock Name 869",male,35.5,0,0,PC 28226,9.1953,,C
870,0,3,"Passenger, Mock Name 870",male,,5,2,PC 68215,27.8235,,Q
871,1,2,"Passenger, Mock Name 871",female,,2,1,791572,34.3813,,Q
872,1,2,"Passenger, Mock Name 872",male,16.2,0,0,PC 83079,22.0971,,S
873,0,3,"Passenger, Mock Name 873",male,14.6,0,1,PC 41740,14.7786,,S
874,0,2,"Passenger, Mock Name 874",male,27.6,0,0,PC 89311,47.8892,,S
875,0,1,"Passenger, Mock Name 875",male,31.1,1,2,410509,85.6058,,C
876,0,1,"Passenger, Mock Name 876",female,19.5,1,0,249485,69.7069,C27,S
877,0,3,"Passenger, Mock Name 877",male,34.9,0,2,299304,13.7973,,Q
878,0,3,"Passenger, Mock Name 878",male,58.1,0,0,PC 18831,15.6543,,S
879,0,1,"Passenger, Mock Name 879",male,4.6,0,0,105004,47.8146,C97,C
880,0,1,"Passenger, Mock Name 880",male,37.2,0,0,514725,226.4948,C17,S
881,1,1,"Passenger, Mock Name 881",female,28.1,2,0,667843,125.3217,C81,S
882,1,3,"Passenger, Mock Name 882",female,,0,0,990648,17.0313,,C
883,1,1,"Passenger, Mock Name 883",female,23.0,0,0,PC 46365,38.9081,C23,S
884,1,1,"Passenger, Mock Name 884",female,27.0,0,0,460777,108.7763,C141,C
885,1,3,"Passenger, Mock Name 885",male,,0,0,PC 27156,8.2893,,S
886,1,1,"Passenger, Mock Name 886",female,24.8,4,0,421220,36.9672,C86,S
887,0,3,"Passenger, Mock Name 887",male,7.7,0,0,PC 85351,14.4932,,S
888,0,1,"Passenger, Mock Name 888",male,25.7,0,2,PC 43541,73.8157,C23,S
889,1,1,"Passenger, Mock Name 889",female,9.2,0,0,311811,105.5395,C67,S
890,0,2,"Passenger, Mock Name 890",male,38.1,1,0,593570,11.8691,,S
891,1,3,"Passenger, Mock Name 891",female,,0,0,PC 40143,12.6385,,S
